{"cameraMode":{"drawMode":0,"name":"Shaded","section":"Shading Mode"},"sceneLighting":false,"audioPlay":false,"sceneViewState":{"m_AlwaysRefresh":false,"showFog":true,"showSkybox":false,"showFlares":true,"showImageEffects":true,"showParticleSystems":true,"showVisualEffectGraphs":true,"m_FxEnabled":true},"in2DMode":false,"pivot":{"x":2.7606101036071779,"y":2.205947160720825,"z":-1.579219937324524},"rotation":{"x":0.04922977089881897,"y":-0.8297524452209473,"z":0.07413541525602341,"w":0.5510004162788391},"size":0.003368224948644638,"orthographic":false}